dawn-reeds-sunset.jpg	unsplash:photo-1783443350605-a0860c05b4b0	Vibrant sunset over a misty lake with distant buildings
dawn-forest-lake.jpg	unsplash:photo-1582835098524-889d45f29460	body of water near green trees during daytime
dawn-sun-mist.jpg	unsplash:photo-1761755227421-b5e07efec0be	Misty sunrise over a calm lake with reeds
lake-forest-green.jpg	unsplash:photo-1786611238296-c105fda7a455	Mist rising from a calm lake surrounded by trees under a clear blue sky
carp-angler-hold.jpg	unsplash:photo-1632917116905-4e467549566a	a man holding a fish in a body of water
carp-scales-closeup.jpg	unsplash:photo-1680504063932-d78b13d4d58c	a fish that is swimming in some water
carp-landing-net.jpg	unsplash:photo-1764880723333-41a64afe5c22	A large carp fish caught in a net
angler-autumn-lake.jpg	unsplash:photo-1604959967168-a24e6069f58d	person in black jacket and black pants sitting on rock near lake during daytime
sauna-benches.jpg	unsplash:photo-1717356495389-6ab1e5ff9d84	a wooden room with a bench and a light
sauna-bucket.jpg	unsplash:photo-1678988227223-45112511eca2	a wooden sauna with a black bucket and two wooden spoons
sauna-window-lake.jpg	unsplash:photo-1692985159902-50c672483c31	a wooden room with a bench and a window
sauna-steam-stones.jpg	unsplash:photo-1660735698223-23a4edefa264	Steam rising from hot dark stones in a wooden sauna heater
cabin-wall-forest.jpg	unsplash:photo-1430000589629-f04107b5597c	house near trees and river
cabin-night-forest.jpg	unsplash:photo-1578654991424-bd24d2d272af	brown wooden cabin near lake
fire-lake-sunset.jpg	unsplash:photo-1661010854524-b40635d127d0	a sunset over a fire
fire-pit-evening.jpg	unsplash:photo-1598833775803-99eea89ad6a1	fire on brown fire pit
mist-trees-reeds.jpg	unsplash:photo-1629965971854-f4be0a154a93	green trees near lake under blue sky during daytime
mist-lake-forest.jpg	unsplash:photo-1675089582640-7abf7b2851a7	a house on a lake surrounded by trees
mist-sun-leaves.jpg	unsplash:photo-1733394456787-533b21acc3f2	The sun is shining through the trees over the water
dock-person-sunset.jpg	unsplash:photo-1713990856081-46188f975a1e	a person standing on a dock in the water
angler-silhouette-sunset.jpg	unsplash:photo-1592784944275-b1e6f997f6e7	silhouette of man fishing on lake during sunset
hands-reel-sunset.jpg	unsplash:photo-1568295374184-57cfa8ca4599	person fishing during golden hour
fish-release-hand.jpg	unsplash:photo-1623340130253-62b52ff52b96	a person holding a fish in their hand
angler-with-catch.jpg	unsplash:photo-1740431251035-3287091951fd	A man holding a fish while standing next to a boat
